"COUNTRY__C","DESTINATIONCODE__C","ENDDATEOFFSET__C","ISLT__C","LANGUAGE__C","STARTDATEOFFSET__C"
"","","1.0","false","","-1.0"
"","","1.0","false","","-1.0"
"","","1.0","false","","-1.0"
"","","1.0","false","","-1.0"
"","","1.0","false","","-1.0"
"","","1.0","false","","-1.0"
"","","1.0","false","","-1.0"
"","","1.0","false","","-1.0"
"","","1.0","false","","-1.0"
"","","1.0","false","","-1.0"
"","","1.0","false","","-1.0"
"","","1.0","false","","-1.0"
"","","1.0","false","","-1.0"
"","","1.0","false","","-1.0"
"","","1.0","false","","-1.0"
"","","1.0","false","","-1.0"
"","","1.0","false","","-1.0"
"","","1.0","false","","-1.0"
"","","1.0","false","","-1.0"
"","","1.0","false","","-1.0"
"","","1.0","false","","-1.0"
"","","1.0","false","","-1.0"
"","","1.0","false","","-1.0"
"","","1.0","false","","-1.0"
"","","1.0","false","","-1.0"
"","","1.0","false","","-1.0"
"","","1.0","false","","-1.0"
"","","1.0","false","","-1.0"
"","","1.0","false","","-1.0"
"","","1.0","false","","-1.0"
"","","1.0","false","","-1.0"
"","","1.0","false","","-1.0"
"","","1.0","false","","-1.0"
"","","1.0","false","","-1.0"
"","","1.0","false","","-1.0"
"","","1.0","false","","-1.0"
"","","1.0","false","","-1.0"
"","","1.0","false","","-1.0"
"","","1.0","false","","-1.0"
"","","1.0","false","","-1.0"
"","","1.0","false","","-1.0"
"","","1.0","false","","-1.0"
"","","1.0","false","","-1.0"
"","","1.0","false","","-1.0"
"","","1.0","false","","-1.0"
"","","1.0","false","","-1.0"
"","","1.0","false","","-1.0"
"","","1.0","false","","-1.0"
"","","1.0","false","","-1.0"
"","","1.0","false","","-1.0"
"","","1.0","false","","-1.0"
"","","1.0","false","","-1.0"
"","","1.0","false","","-1.0"
"","","1.0","false","","-1.0"
"","","1.0","false","","-1.0"
"","","1.0","false","","-1.0"
"","","1.0","false","","-1.0"
"","","1.0","false","","-1.0"
"","","1.0","false","","-1.0"
"","","1.0","false","","-1.0"
"","","1.0","false","","-1.0"
"","","1.0","false","","-1.0"
"","","1.0","false","","-1.0"
"","","1.0","false","","-1.0"
"","","1.0","false","","-1.0"
"","","1.0","false","","-1.0"
"","","1.0","false","","-1.0"
"","","1.0","false","","-1.0"
"","","1.0","false","","-1.0"
"","","1.0","false","","-1.0"
"","","1.0","false","","-1.0"
"","","1.0","false","","-1.0"
"","","1.0","false","","-1.0"
"","","1.0","false","","-1.0"
"","","1.0","false","","-1.0"
"","","1.0","false","","-1.0"
"","","1.0","false","","-1.0"
"","","1.0","false","","-1.0"
"","","1.0","false","","-1.0"
"","","1.0","false","","-1.0"
"","","1.0","false","","-1.0"
"","","1.0","false","","-1.0"
"","","1.0","false","","-1.0"
"","","1.0","false","","-1.0"
"","","1.0","false","","-1.0"
"","","1.0","false","","-1.0"
"","","1.0","false","","-1.0"
"","","1.0","false","","-1.0"
"","","1.0","false","","-1.0"
"","","1.0","false","","-1.0"
"","","1.0","false","","-1.0"
"","","1.0","false","","-1.0"
"","","1.0","false","","-1.0"
"","","1.0","false","","-1.0"
"","","1.0","false","","-1.0"
"","","1.0","false","","-1.0"
"","","1.0","false","","-1.0"
"","","1.0","false","","-1.0"
"","","1.0","false","","-1.0"
"","","1.0","false","","-1.0"
"","","1.0","false","","-1.0"
"","","1.0","false","","-1.0"
"","","1.0","false","","-1.0"
"","","1.0","false","","-1.0"
"","","1.0","false","","-1.0"
"","","1.0","false","","-1.0"
"","","1.0","false","","-1.0"
"","","1.0","false","","-1.0"
"","","1.0","false","","-1.0"
"","","1.0","false","","-1.0"
"","","1.0","false","","-1.0"
"","","1.0","false","","-1.0"
"","","1.0","false","","-1.0"
"","","1.0","false","","-1.0"
"","","1.0","false","","-1.0"
"","","1.0","false","","-1.0"
"","","1.0","false","","-1.0"
"","","1.0","false","","-1.0"
"","","1.0","false","","-1.0"
"","","1.0","false","","-1.0"
